
-- Insert values into the topping table
insert into topping (topping_TopID, topping_TopName, topping_CustPrice, topping_BusPrice, topping_CurINVT, topping_MinINVT, topping_SmallAMT, topping_MedAMT, topping_LgAMT, topping_XLAMT) values (1, 'Pepperoni', 1.25, 0.2, 100, 50, 2, 2.75, 3.5, 4.5);
insert into topping (topping_TopID, topping_TopName, topping_CustPrice, topping_BusPrice, topping_CurINVT, topping_MinINVT, topping_SmallAMT, topping_MedAMT, topping_LgAMT, topping_XLAMT) values (2, 'Sausage', 1.25, 0.15, 100, 50, 2.5, 3, 3.5, 4.25);
insert into topping (topping_TopID, topping_TopName, topping_CustPrice, topping_BusPrice, topping_CurINVT, topping_MinINVT, topping_SmallAMT, topping_MedAMT, topping_LgAMT, topping_XLAMT) values (3, 'Ham', 1.5, 0.15, 78, 25, 2, 2.5, 3.25, 4);
insert into topping (topping_TopID, topping_TopName, topping_CustPrice, topping_BusPrice, topping_CurINVT, topping_MinINVT, topping_SmallAMT, topping_MedAMT, topping_LgAMT, topping_XLAMT) values (4, 'Chicken', 1.75, 0.25, 56, 25, 1.5, 2, 2.25, 3);
insert into topping (topping_TopID, topping_TopName, topping_CustPrice, topping_BusPrice, topping_CurINVT, topping_MinINVT, topping_SmallAMT, topping_MedAMT, topping_LgAMT, topping_XLAMT) values (5, 'Green Pepper', 0.5, 0.02, 79, 25, 1, 1.5, 2, 2.5);
insert into topping (topping_TopID, topping_TopName, topping_CustPrice, topping_BusPrice, topping_CurINVT, topping_MinINVT, topping_SmallAMT, topping_MedAMT, topping_LgAMT, topping_XLAMT) values (6, 'Onions', 0.5, 0.02, 85, 25, 1, 1.5, 2, 2.75);
insert into topping (topping_TopID, topping_TopName, topping_CustPrice, topping_BusPrice, topping_CurINVT, topping_MinINVT, topping_SmallAMT, topping_MedAMT, topping_LgAMT, topping_XLAMT) values (7, 'Roma Tomato', 0.75, 0.03, 86, 10, 2, 3, 3.5, 4.5);
insert into topping (topping_TopID, topping_TopName, topping_CustPrice, topping_BusPrice, topping_CurINVT, topping_MinINVT, topping_SmallAMT, topping_MedAMT, topping_LgAMT, topping_XLAMT) values (8, 'Mushrooms', 0.75, 0.1, 52, 50, 1.5, 2, 2.5, 3);
insert into topping (topping_TopID, topping_TopName, topping_CustPrice, topping_BusPrice, topping_CurINVT, topping_MinINVT, topping_SmallAMT, topping_MedAMT, topping_LgAMT, topping_XLAMT) values (9, 'Black Olives', 0.6, 0.1, 39, 25, 0.75, 1, 1.5, 2);
insert into topping (topping_TopID, topping_TopName, topping_CustPrice, topping_BusPrice, topping_CurINVT, topping_MinINVT, topping_SmallAMT, topping_MedAMT, topping_LgAMT, topping_XLAMT) values (10, 'Pineapple', 1, 0.25, 15, 0, 1, 1.25, 1.75, 2);
insert into topping (topping_TopID, topping_TopName, topping_CustPrice, topping_BusPrice, topping_CurINVT, topping_MinINVT, topping_SmallAMT, topping_MedAMT, topping_LgAMT, topping_XLAMT) values (11, 'Jalapenos', 0.5, 0.05, 64, 0, 0.5, 0.75, 1.25, 1.75);
insert into topping (topping_TopID, topping_TopName, topping_CustPrice, topping_BusPrice, topping_CurINVT, topping_MinINVT, topping_SmallAMT, topping_MedAMT, topping_LgAMT, topping_XLAMT) values (12, 'Jalapenos', 0.5, 0.05, 36, 0, 0.6, 1, 1.3, 1.75);
insert into topping (topping_TopID, topping_TopName, topping_CustPrice, topping_BusPrice, topping_CurINVT, topping_MinINVT, topping_SmallAMT, topping_MedAMT, topping_LgAMT, topping_XLAMT) values (13, 'Regular Cheese', 0.5, 0.12, 250, 50, 2, 3.5, 5, 7);
insert into topping (topping_TopID, topping_TopName, topping_CustPrice, topping_BusPrice, topping_CurINVT, topping_MinINVT, topping_SmallAMT, topping_MedAMT, topping_LgAMT, topping_XLAMT) values (14, 'Four Cheese Blend', 1, 0.15, 150, 25, 2, 3.5, 5, 7);
insert into topping (topping_TopID, topping_TopName, topping_CustPrice, topping_BusPrice, topping_CurINVT, topping_MinINVT, topping_SmallAMT, topping_MedAMT, topping_LgAMT, topping_XLAMT) values (15, 'Feta Cheese', 1.5, 0.18, 75, 0, 1.75, 3, 4, 5.5);
insert into topping (topping_TopID, topping_TopName, topping_CustPrice, topping_BusPrice, topping_CurINVT, topping_MinINVT, topping_SmallAMT, topping_MedAMT, topping_LgAMT, topping_XLAMT) values (16, 'Goat Cheese', 1.5, 0.2, 54, 0, 1.6, 2.75, 4, 5.5);
insert into topping (topping_TopID, topping_TopName, topping_CustPrice, topping_BusPrice, topping_CurINVT, topping_MinINVT, topping_SmallAMT, topping_MedAMT, topping_LgAMT, topping_XLAMT) values (17, 'Bacon', 1.5, 0.25, 89, 0, 1, 1.5, 2, 3);

-- Insert values into discounts table
insert into discount (discount_DiscountID, discount_DiscountName,  discount_Amount, discount_IsPercent) values (1, 'Employee', 15, 1);
insert into discount (discount_DiscountID, discount_DiscountName,  discount_Amount, discount_IsPercent) values (2, 'Lunch Special Medium', 1, 0);
insert into discount (discount_DiscountID, discount_DiscountName,  discount_Amount, discount_IsPercent) values (3, 'Lunch Special Large', 2, 0);
insert into discount (discount_DiscountID, discount_DiscountName,  discount_Amount, discount_IsPercent) values (4, 'Specialty Pizza', 1.5, 0);
insert into discount (discount_DiscountID, discount_DiscountName,  discount_Amount, discount_IsPercent) values (5, 'Happy Hour', 10, 1);
insert into discount (discount_DiscountID, discount_DiscountName,  discount_Amount, discount_IsPercent) values (6, 'Gameday Special', 20, 1);

-- Insert values into Base Prices
insert into baseprice (baseprice_Size, baseprice_CrustType, baseprice_CustPrice, baseprice_BusPrice) values ('small', 'Thin', 3, 0.5);
insert into baseprice (baseprice_Size, baseprice_CrustType, baseprice_CustPrice, baseprice_BusPrice) values ('small', 'Original', 3, 0.75);
insert into baseprice (baseprice_Size, baseprice_CrustType, baseprice_CustPrice, baseprice_BusPrice) values ('small', 'Pan', 3.5, 1);
insert into baseprice (baseprice_Size, baseprice_CrustType, baseprice_CustPrice, baseprice_BusPrice) values ('small', 'Gluten-Free', 4, 2);
insert into baseprice (baseprice_Size, baseprice_CrustType, baseprice_CustPrice, baseprice_BusPrice) values ('medium', 'Thin', 5, 1);
insert into baseprice (baseprice_Size, baseprice_CrustType, baseprice_CustPrice, baseprice_BusPrice) values ('medium', 'Original', 5, 1.5);
insert into baseprice (baseprice_Size, baseprice_CrustType, baseprice_CustPrice, baseprice_BusPrice) values ('medium', 'Pan', 6, 2.25);
insert into baseprice (baseprice_Size, baseprice_CrustType, baseprice_CustPrice, baseprice_BusPrice) values ('medium', 'Gluten-Free', 6.25, 3);
insert into baseprice (baseprice_Size, baseprice_CrustType, baseprice_CustPrice, baseprice_BusPrice) values ('Large', 'Thin', 8, 1.25);
insert into baseprice (baseprice_Size, baseprice_CrustType, baseprice_CustPrice, baseprice_BusPrice) values ('Large', 'Original', 8, 2);
insert into baseprice (baseprice_Size, baseprice_CrustType, baseprice_CustPrice, baseprice_BusPrice) values ('Large', 'Pan', 9, 3);
insert into baseprice (baseprice_Size, baseprice_CrustType, baseprice_CustPrice, baseprice_BusPrice) values ('Large', 'Gluten-Free', 9.5, 4);
insert into baseprice (baseprice_Size, baseprice_CrustType, baseprice_CustPrice, baseprice_BusPrice) values ('XLarge', 'Thin', 10, 2);
insert into baseprice (baseprice_Size, baseprice_CrustType, baseprice_CustPrice, baseprice_BusPrice) values ('XLarge', 'Original', 10, 3);
insert into baseprice (baseprice_Size, baseprice_CrustType, baseprice_CustPrice, baseprice_BusPrice) values ('XLarge', 'Pan', 11.5, 4.5);
insert into baseprice (baseprice_Size, baseprice_CrustType, baseprice_CustPrice, baseprice_BusPrice) values ('XLarge', 'Gluten-Free', 12.5, 6);

-- insert into ordertable
insert into ordertable (ordertable_OrderID, ordertable_OrderType, ordertable_OrderDateTime, ordertable_CustPrice, ordertable_BusPrice, ordertable_isComplete) values (6, 'delivery', '2025-01-02 18:17:00', 25.81, 3.64, 1);
insert into ordertable (ordertable_OrderID, ordertable_OrderType, ordertable_OrderDateTime, ordertable_CustPrice, ordertable_BusPrice, ordertable_isComplete) values (7, 'delivery', '2025-02-13 20:32:00', 31.66, 6, 1);
insert into ordertable (ordertable_OrderID, ordertable_OrderType, ordertable_OrderDateTime, ordertable_CustPrice, ordertable_BusPrice, ordertable_isComplete) values (4, 'delivery', '2025-02-20 19:11:00', 68.95, 17.39, 1);
insert into ordertable (ordertable_OrderID, ordertable_OrderType, ordertable_OrderDateTime, ordertable_CustPrice, ordertable_BusPrice, ordertable_isComplete) values (1, 'dinein', '2025-01-05 12:03:00', 19.75, 3.68, 1);
insert into ordertable (ordertable_OrderID, ordertable_OrderType, ordertable_OrderDateTime, ordertable_CustPrice, ordertable_BusPrice, ordertable_isComplete) values (2, 'dinein', '2025-02-03 12:05:00', 19.78, 4.63, 1);
insert into ordertable (ordertable_OrderID, ordertable_OrderType, ordertable_OrderDateTime, ordertable_CustPrice, ordertable_BusPrice, ordertable_isComplete) values (5, 'pickup', '2025-01-02 17:30:00', 25.81, 3.64, 1);
insert into ordertable (ordertable_OrderID, ordertable_OrderType, ordertable_OrderDateTime, ordertable_CustPrice, ordertable_BusPrice, ordertable_isComplete) values (3, 'pickup', '2025-01-03 21:30:00', 89.28, 19.8, 1);

-- insert into pizza
insert into pizza (ordertable_orderID, pizza_Size, pizza_CrustType, pizza_PizzaState, pizza_PizzaDate, pizza_CustPrice, pizza_BusPrice) values
(3,'Large','Original','completed','2025-01-03 21:30:00',14.88,3.3),
(3,'Large','Original','completed','2025-01-03 21:30:00',14.88,3.3),
(3,'Large','Original','completed','2025-01-03 21:30:00',14.88,3.3),
(3,'Large','Original','completed','2025-01-03 21:30:00',14.88,3.3),
(3,'Large','Original','completed','2025-01-03 21:30:00',14.88,3.3),
(3,'Large','Original','completed','2025-01-03 21:30:00',14.88,3.3),
(6,'Large','Thin','completed','2025-01-02 18:17:00',25.81,3.64),
(1,'Large','Thin','completed','2025-01-05 12:03:00',19.75,3.68),
(7,'Large','Thin','completed','2025-02-13 20:32:00',18,2.75),
(7,'Large','Thin','completed','2025-02-13 20:32:00',19.25,3.25),
(2,'Medium','Pan','completed','2025-02-03 12:05:00',13.85,3.23),
(2,'Small','Original','completed','2025-02-03 12:05:00',6.93,1.4),
(5,'XLarge','Gluten-Free','completed','2025-01-02 17:30:00',28.7,7.84),
(4,'XLarge','Original','completed','2025-02-20 19:11:00',26.75,5.55),
(4,'XLarge','Original','completed','2025-02-20 19:11:00',27.94,5.59),
(4,'XLarge','Original','completed','2025-02-20 19:11:00',31.5,6.25);

-- insert into customer
insert into customer (customer_FName, customer_LName, customer_PhoneNum) values ('Andrew', 'Wilkes-Krier', 8642545861);
insert into customer (customer_FName, customer_LName, customer_PhoneNum) values ('Frank', 'Turner', 8642328944);
insert into customer (customer_FName, customer_LName, customer_PhoneNum) values ('Matt', 'Engers', 8644749953);
insert into customer (customer_FName, customer_LName, customer_PhoneNum) values ('Milo', 'Auckerman', 8648785679);

-- insert values into delivery
insert into delivery (ordertable_OrderID, delivery_HouseNum, delivery_Street, delivery_City, delivery_State, delivery_Zip) values (1, 115, 'Party Blvd', 'Anderson', 'SC', 29621);
insert into delivery (ordertable_OrderID, delivery_HouseNum, delivery_Street, delivery_City, delivery_State, delivery_Zip) values (2, 6745 , 'Wessex St', 'Anderson', 'SC', 29621);
insert into delivery (ordertable_OrderID, delivery_HouseNum, delivery_Street, delivery_City, delivery_State, delivery_Zip) values (3, 8879 , 'Suburban Lane', 'Anderson', 'SC', 29621);

-- insert into pickup
insert into pickup (ordertable_OrderID, pickup_IsPickedUp) values (3, 1);
insert into pickup (ordertable_OrderID, pickup_IsPickedUp) values (5, 1);

-- insert into pickup
insert into dinein (ordertable_OrderID, dinein_TableNum) values (4, 21);